sensor_id,timestamp,temperature,humidity,location,sensor_type
1095,2025-04-06 21:59:32,22.26,34.61,BuildingB_Floor1,TypeA
1091,2025-04-04 15:38:18,30.12,64.46,BuildingB_Floor1,TypeC
1014,2025-04-05 00:05:26,20.91,56.04,BuildingA_Floor1,TypeC
1013,2025-04-05 00:50:21,30.19,37.17,BuildingB_Floor2,TypeB
1071,2025-04-05 07:20:41,17.46,58.26,BuildingA_Floor2,TypeC
1099,2025-04-07 00:58:58,27.96,42.31,BuildingB_Floor2,TypeC
1076,2025-04-05 19:32:46,17.19,74.12,BuildingA_Floor1,TypeB
1035,2025-04-07 01:01:12,20.02,45.8,BuildingB_Floor1,TypeA
1095,2025-04-07 00:51:57,33.33,30.59,BuildingA_Floor1,TypeC
1024,2025-04-04 11:21:31,19.61,70.1,BuildingB_Floor1,TypeA
1020,2025-04-07 04:32:31,32.42,46.16,BuildingB_Floor2,TypeA
1075,2025-04-04 00:03:13,17.36,44.14,BuildingA_Floor1,TypeA
1096,2025-04-07 16:27:28,26.71,41.07,BuildingA_Floor2,TypeC
1064,2025-04-05 19:53:01,24.18,36.4,BuildingA_Floor1,TypeC
1027,2025-04-05 16:09:57,29.17,66.85,BuildingB_Floor2,TypeC
1059,2025-04-04 05:23:43,34.35,55.91,BuildingA_Floor1,TypeB
1000,2025-04-05 06:38:33,26.75,34.47,BuildingB_Floor1,TypeB
1056,2025-04-07 16:13:30,28.12,73.38,BuildingA_Floor1,TypeC
1100,2025-04-04 20:02:19,16.16,38.93,BuildingA_Floor1,TypeC
1049,2025-04-05 02:08:30,32.49,75.6,BuildingA_Floor2,TypeB
1027,2025-04-07 21:29:08,16.94,39.46,BuildingA_Floor2,TypeA
1048,2025-04-06 07:02:56,31.43,59.73,BuildingB_Floor1,TypeB
1079,2025-04-07 06:36:05,26.32,78.14,BuildingA_Floor1,TypeA
1044,2025-04-06 21:50:01,15.78,32.62,BuildingA_Floor2,TypeC
1040,2025-04-04 04:29:00,27.7,52.4,BuildingB_Floor2,TypeA
1084,2025-04-04 18:51:05,21.7,77.34,BuildingA_Floor2,TypeA
1014,2025-04-04 22:14:55,22.23,47.15,BuildingB_Floor2,TypeB
1031,2025-04-03 22:53:26,31.18,72.64,BuildingB_Floor1,TypeB
1003,2025-04-04 05:04:52,20.91,75.21,BuildingA_Floor1,TypeA
1001,2025-04-04 04:11:50,28.25,71.61,BuildingA_Floor2,TypeA
1020,2025-04-08 03:30:10,34.32,70.63,BuildingA_Floor2,TypeA
1088,2025-04-04 22:10:32,34.49,42.85,BuildingA_Floor1,TypeA
1059,2025-04-08 10:28:37,22.21,33.45,BuildingA_Floor2,TypeB
1064,2025-04-07 05:51:11,21.9,36.14,BuildingB_Floor1,TypeB
1043,2025-04-05 23:00:31,20.65,32.6,BuildingB_Floor1,TypeA
1024,2025-04-07 14:48:00,30.82,63.37,BuildingB_Floor1,TypeA
1003,2025-04-03 18:28:27,20.05,51.92,BuildingA_Floor1,TypeC
1079,2025-04-03 12:14:11,21.84,34.85,BuildingB_Floor1,TypeA
1026,2025-04-03 16:14:40,16.9,53.26,BuildingA_Floor2,TypeC
1037,2025-04-04 05:38:11,31.67,72.59,BuildingB_Floor1,TypeA
1056,2025-04-06 03:08:50,28.36,59.51,BuildingB_Floor2,TypeB
1062,2025-04-06 17:44:41,27.58,50.64,BuildingB_Floor2,TypeC
1087,2025-04-04 06:34:39,17.76,71.11,BuildingB_Floor1,TypeB
1098,2025-04-05 20:23:30,21.71,40.58,BuildingA_Floor2,TypeC
1083,2025-04-04 23:18:45,31.63,45.09,BuildingA_Floor2,TypeA
1066,2025-04-08 01:19:57,24.85,49.78,BuildingA_Floor2,TypeC
1077,2025-04-06 11:22:25,33.96,65.06,BuildingB_Floor2,TypeA
1049,2025-04-04 09:22:09,23.75,47.01,BuildingA_Floor2,TypeC
1012,2025-04-04 11:53:43,30.96,45.99,BuildingB_Floor1,TypeC
1064,2025-04-07 00:33:00,34.87,52.68,BuildingB_Floor1,TypeC
1084,2025-04-06 03:22:58,27.85,65.21,BuildingB_Floor1,TypeA
1064,2025-04-07 05:27:27,29.26,66.45,BuildingA_Floor1,TypeB
1069,2025-04-07 12:44:50,16.19,36.75,BuildingB_Floor2,TypeB
1003,2025-04-05 08:35:07,22.41,34.48,BuildingA_Floor1,TypeC
1053,2025-04-07 00:02:23,28.39,39.98,BuildingB_Floor2,TypeA
1069,2025-04-06 14:59:49,23.54,43.96,BuildingA_Floor2,TypeA
1040,2025-04-04 01:00:13,24.64,70.27,BuildingA_Floor1,TypeC
1070,2025-04-06 08:07:00,21.25,64.19,BuildingB_Floor1,TypeC
1093,2025-04-04 07:59:06,34.84,60.7,BuildingB_Floor2,TypeB
1011,2025-04-05 15:57:34,33.49,76.35,BuildingB_Floor1,TypeB
1089,2025-04-06 11:30:03,16.67,77.95,BuildingB_Floor1,TypeA
1001,2025-04-04 06:03:30,22.19,55.95,BuildingB_Floor2,TypeB
1076,2025-04-05 03:57:27,18.73,63.46,BuildingA_Floor2,TypeB
1003,2025-04-05 19:23:33,16.64,49.13,BuildingA_Floor1,TypeB
1081,2025-04-04 11:10:44,15.72,38.43,BuildingB_Floor1,TypeB
1036,2025-04-08 04:51:01,27.21,33.25,BuildingB_Floor1,TypeA
1042,2025-04-08 04:35:58,16.94,35.87,BuildingA_Floor1,TypeB
1033,2025-04-04 16:31:26,18.76,72.91,BuildingB_Floor1,TypeA
1072,2025-04-06 14:11:22,15.65,54.71,BuildingB_Floor2,TypeA
1014,2025-04-03 14:48:52,19.29,66.88,BuildingB_Floor1,TypeB
1060,2025-04-06 01:26:54,33.05,36.23,BuildingA_Floor1,TypeC
1071,2025-04-06 20:25:18,31.81,35.02,BuildingB_Floor2,TypeC
1100,2025-04-05 23:04:35,32.37,38.15,BuildingA_Floor2,TypeC
1083,2025-04-03 23:42:30,15.63,33.19,BuildingA_Floor2,TypeA
1055,2025-04-06 11:15:11,21.35,73.78,BuildingB_Floor2,TypeB
1067,2025-04-04 17:13:44,22.73,66.49,BuildingA_Floor2,TypeB
1076,2025-04-06 00:08:12,20.04,57.35,BuildingA_Floor1,TypeA
1034,2025-04-04 03:07:16,28.88,47.49,BuildingB_Floor2,TypeC
1067,2025-04-08 03:00:33,19.76,63.44,BuildingA_Floor2,TypeA
1040,2025-04-04 22:34:51,29.62,76.12,BuildingA_Floor2,TypeA
1003,2025-04-04 14:14:30,23.92,40.27,BuildingB_Floor1,TypeA
1033,2025-04-04 23:17:24,24.95,45.83,BuildingA_Floor1,TypeB
1063,2025-04-04 21:33:34,18.88,60.36,BuildingA_Floor2,TypeB
1083,2025-04-04 07:42:20,18.22,62.3,BuildingA_Floor1,TypeC
1060,2025-04-03 11:57:03,20.72,59.71,BuildingB_Floor2,TypeB
1090,2025-04-05 03:50:38,15.13,79.17,BuildingA_Floor1,TypeC
1039,2025-04-04 01:01:10,32.96,35.29,BuildingB_Floor1,TypeA
1037,2025-04-05 12:24:48,32.74,76.05,BuildingB_Floor2,TypeB
1047,2025-04-07 02:32:25,23.77,79.24,BuildingB_Floor2,TypeB
1063,2025-04-07 07:46:07,33.84,40.43,BuildingA_Floor2,TypeA
1021,2025-04-07 17:27:58,26.19,44.39,BuildingB_Floor2,TypeA
1041,2025-04-06 21:53:46,21.59,67.71,BuildingA_Floor1,TypeB
1031,2025-04-06 18:03:23,20.6,50.16,BuildingB_Floor1,TypeC
1085,2025-04-04 14:13:02,33.36,66.86,BuildingA_Floor2,TypeC
1021,2025-04-07 12:42:39,17.55,44.8,BuildingA_Floor2,TypeA
1000,2025-04-08 02:28:10,19.19,33.56,BuildingB_Floor1,TypeA
1026,2025-04-08 07:24:50,31.78,74.1,BuildingB_Floor1,TypeA
1091,2025-04-08 07:42:04,22.39,70.56,BuildingB_Floor2,TypeB
1083,2025-04-03 21:06:58,22.97,53.86,BuildingB_Floor1,TypeB
1014,2025-04-03 17:47:51,25.5,74.64,BuildingB_Floor2,TypeC
1091,2025-04-07 12:35:45,32.49,54.86,BuildingA_Floor2,TypeA
1035,2025-04-06 02:35:06,26.44,53.88,BuildingB_Floor1,TypeB
1002,2025-04-08 05:02:58,21.88,66.19,BuildingB_Floor1,TypeC
1054,2025-04-06 12:59:06,25.06,44.1,BuildingA_Floor1,TypeC
1075,2025-04-07 18:53:54,28.12,78.12,BuildingA_Floor1,TypeA
1063,2025-04-06 19:11:34,34.23,53.15,BuildingA_Floor1,TypeA
1003,2025-04-06 17:43:11,24.96,55.1,BuildingA_Floor2,TypeA
1022,2025-04-07 17:49:56,23.63,38.65,BuildingB_Floor2,TypeA
1094,2025-04-04 06:05:59,28.21,60.92,BuildingA_Floor2,TypeB
1022,2025-04-03 23:42:22,22.59,43.81,BuildingA_Floor2,TypeB
1010,2025-04-07 09:00:36,27.06,30.69,BuildingA_Floor2,TypeC
1032,2025-04-05 23:53:53,29.22,68.06,BuildingB_Floor1,TypeC
1092,2025-04-04 20:16:37,31.77,64.9,BuildingB_Floor1,TypeC
1088,2025-04-04 16:07:25,28.98,73.63,BuildingA_Floor2,TypeC
1073,2025-04-08 00:55:42,29.19,78.71,BuildingA_Floor2,TypeB
1085,2025-04-03 16:04:23,32.16,41.24,BuildingA_Floor1,TypeA
1000,2025-04-06 11:23:52,15.26,60.27,BuildingA_Floor2,TypeB
1035,2025-04-04 17:16:28,25.4,38.55,BuildingB_Floor2,TypeC
1035,2025-04-04 23:43:07,19.22,43.2,BuildingA_Floor1,TypeC
1018,2025-04-05 18:08:01,30.37,34.77,BuildingA_Floor1,TypeB
1083,2025-04-05 05:10:16,19.64,68.17,BuildingB_Floor2,TypeB
1082,2025-04-07 23:00:20,30.85,67.55,BuildingB_Floor2,TypeC
1039,2025-04-06 15:57:23,24.58,43.8,BuildingB_Floor1,TypeB
1002,2025-04-06 01:49:07,34.18,62.81,BuildingB_Floor2,TypeB
1088,2025-04-04 17:08:38,18.63,49.75,BuildingA_Floor1,TypeA
1058,2025-04-03 23:42:48,21.99,59.79,BuildingA_Floor2,TypeC
1024,2025-04-06 04:08:09,18.94,72.66,BuildingA_Floor2,TypeA
1013,2025-04-07 15:20:31,26.72,67.32,BuildingB_Floor2,TypeA
1063,2025-04-05 22:13:42,25.82,73.33,BuildingB_Floor2,TypeB
1011,2025-04-03 15:52:29,17.91,40.04,BuildingA_Floor2,TypeA
1009,2025-04-05 03:34:26,26.15,65.2,BuildingA_Floor2,TypeB
1035,2025-04-08 10:20:12,28.61,79.13,BuildingA_Floor2,TypeA
1048,2025-04-05 20:13:08,33.27,50.51,BuildingA_Floor2,TypeA
1076,2025-04-05 23:10:00,31.16,78.07,BuildingA_Floor1,TypeB
1078,2025-04-04 10:39:20,19.61,50.2,BuildingA_Floor2,TypeB
1054,2025-04-07 11:51:12,33.14,51.09,BuildingA_Floor2,TypeA
1086,2025-04-04 14:27:48,22.99,46.53,BuildingB_Floor1,TypeC
1088,2025-04-06 02:28:26,31.12,46.31,BuildingA_Floor2,TypeB
1014,2025-04-06 00:31:14,32.02,31.57,BuildingB_Floor1,TypeA
1079,2025-04-04 09:24:38,26.41,58.9,BuildingB_Floor1,TypeC
1022,2025-04-07 14:20:45,22.5,46.26,BuildingB_Floor2,TypeA
1004,2025-04-07 09:45:38,34.75,38.55,BuildingA_Floor2,TypeB
1000,2025-04-07 22:57:14,31.93,67.73,BuildingB_Floor2,TypeC
1012,2025-04-08 05:25:56,28.03,52.71,BuildingB_Floor2,TypeB
1022,2025-04-05 02:50:25,33.62,63.54,BuildingB_Floor1,TypeB
1045,2025-04-06 23:12:52,32.47,67.42,BuildingB_Floor1,TypeC
1090,2025-04-05 17:04:44,24.7,53.2,BuildingB_Floor1,TypeB
1065,2025-04-04 07:24:27,15.46,59.05,BuildingB_Floor1,TypeA
1037,2025-04-06 20:41:29,26.93,41.64,BuildingA_Floor1,TypeA
1050,2025-04-06 14:12:22,26.2,75.33,BuildingA_Floor2,TypeB
1047,2025-04-05 11:38:37,30.46,59.33,BuildingA_Floor2,TypeB
1075,2025-04-07 14:13:09,30.41,75.97,BuildingA_Floor2,TypeC
1057,2025-04-05 17:46:18,16.05,59.91,BuildingA_Floor2,TypeC
1032,2025-04-06 15:32:45,19.23,78.79,BuildingA_Floor1,TypeB
1086,2025-04-07 11:38:33,32.56,48.56,BuildingA_Floor2,TypeA
1045,2025-04-04 22:15:56,24.48,67.97,BuildingA_Floor1,TypeA
1087,2025-04-05 20:06:51,18.4,53.24,BuildingB_Floor2,TypeA
1080,2025-04-04 10:51:36,29.5,42.84,BuildingB_Floor1,TypeB
1005,2025-04-06 17:50:22,29.3,78.9,BuildingA_Floor2,TypeB
1040,2025-04-08 05:20:11,21.63,47.26,BuildingA_Floor2,TypeB
1096,2025-04-05 19:33:42,19.8,37.4,BuildingA_Floor1,TypeB
1087,2025-04-05 07:07:04,31.88,71.92,BuildingA_Floor2,TypeB
1002,2025-04-06 09:33:08,17.7,70.96,BuildingB_Floor2,TypeB
1011,2025-04-04 23:38:53,17.48,44.41,BuildingA_Floor1,TypeB
1052,2025-04-05 05:18:48,29.33,49.82,BuildingB_Floor2,TypeC
1021,2025-04-05 00:55:58,32.43,72.88,BuildingB_Floor1,TypeA
1022,2025-04-03 16:09:14,30.36,74.61,BuildingA_Floor2,TypeA
1052,2025-04-03 14:48:10,21.36,46.49,BuildingB_Floor2,TypeB
1064,2025-04-07 21:56:29,19.14,72.92,BuildingB_Floor1,TypeA
1073,2025-04-07 21:27:33,19.87,37.2,BuildingB_Floor1,TypeC
1030,2025-04-06 14:26:06,25.49,49.12,BuildingB_Floor2,TypeB
1009,2025-04-04 09:33:26,24.06,49.25,BuildingB_Floor2,TypeC
1087,2025-04-04 03:33:54,31.18,52.78,BuildingA_Floor1,TypeB
1014,2025-04-05 15:37:53,24.6,62.63,BuildingA_Floor1,TypeB
1060,2025-04-07 18:42:48,29.15,50.92,BuildingA_Floor2,TypeC
1014,2025-04-06 22:07:40,18.3,51.71,BuildingB_Floor2,TypeB
1074,2025-04-07 01:31:07,23.18,42.89,BuildingA_Floor1,TypeA
1080,2025-04-04 09:18:14,34.58,57.95,BuildingB_Floor1,TypeC
1077,2025-04-06 00:18:00,27.35,56.45,BuildingB_Floor1,TypeB
1095,2025-04-08 01:37:21,34.94,52.1,BuildingA_Floor1,TypeC
1099,2025-04-08 00:15:26,19.18,42.55,BuildingB_Floor2,TypeA
1090,2025-04-06 22:33:11,33.22,42.43,BuildingB_Floor1,TypeC
1097,2025-04-08 07:05:25,28.59,49.48,BuildingB_Floor2,TypeB
1025,2025-04-03 14:25:00,17.85,45.69,BuildingA_Floor2,TypeC
1083,2025-04-06 17:44:08,26.46,52.1,BuildingB_Floor1,TypeA
1024,2025-04-05 19:48:40,34.78,62.23,BuildingA_Floor2,TypeC
1057,2025-04-03 23:42:16,33.62,49.65,BuildingA_Floor2,TypeB
1068,2025-04-06 03:20:17,25.71,32.94,BuildingA_Floor1,TypeB
1098,2025-04-06 19:54:00,27.96,30.04,BuildingB_Floor1,TypeA
1045,2025-04-07 06:21:07,26.05,38.41,BuildingA_Floor1,TypeC
1054,2025-04-06 03:05:44,32.09,46.05,BuildingB_Floor1,TypeA
1041,2025-04-06 20:16:18,26.21,67.74,BuildingA_Floor2,TypeA
1085,2025-04-04 05:23:27,17.72,32.44,BuildingB_Floor2,TypeC
1074,2025-04-06 01:17:22,15.16,60.23,BuildingB_Floor2,TypeB
1006,2025-04-06 16:08:53,30.45,62.8,BuildingB_Floor2,TypeC
1046,2025-04-03 15:19:02,28.13,41.79,BuildingA_Floor1,TypeB
1077,2025-04-05 04:40:21,17.2,53.23,BuildingB_Floor1,TypeB
1027,2025-04-06 21:32:56,31.44,41.92,BuildingA_Floor1,TypeC
1079,2025-04-06 10:09:10,21.51,49.96,BuildingB_Floor1,TypeC
1048,2025-04-07 17:01:55,19.88,63.39,BuildingB_Floor2,TypeC
1030,2025-04-08 03:19:05,29.38,40.74,BuildingA_Floor1,TypeC
1066,2025-04-03 18:54:21,15.56,59.7,BuildingB_Floor2,TypeA
1006,2025-04-06 00:08:36,21.3,59.02,BuildingA_Floor1,TypeA
1095,2025-04-05 04:47:47,29.78,57.23,BuildingA_Floor1,TypeA
1012,2025-04-06 16:19:54,28.1,79.57,BuildingB_Floor2,TypeC
1061,2025-04-04 02:40:01,20.53,67.9,BuildingB_Floor1,TypeC
1018,2025-04-03 15:14:11,20.33,35.26,BuildingB_Floor2,TypeB
1064,2025-04-04 01:41:05,26.11,72.18,BuildingB_Floor2,TypeB
1037,2025-04-08 04:38:57,18.56,49.73,BuildingA_Floor2,TypeA
1093,2025-04-07 01:40:46,33.87,38.14,BuildingA_Floor2,TypeC
1083,2025-04-06 05:40:05,30.8,67.75,BuildingA_Floor1,TypeC
1025,2025-04-07 15:13:54,30.2,50.45,BuildingA_Floor2,TypeB
1046,2025-04-04 18:54:22,30.76,73.82,BuildingB_Floor1,TypeA
1081,2025-04-03 23:06:49,19.55,30.08,BuildingB_Floor1,TypeB
1028,2025-04-04 06:06:54,22.88,49.19,BuildingB_Floor1,TypeA
1085,2025-04-05 04:33:15,27.97,31.03,BuildingB_Floor1,TypeA
1019,2025-04-03 14:34:44,16.21,40.66,BuildingA_Floor2,TypeC
1093,2025-04-03 18:47:52,31.55,55.76,BuildingA_Floor2,TypeC
1035,2025-04-08 03:48:44,22.89,75.75,BuildingA_Floor2,TypeA
1025,2025-04-07 23:17:36,23.92,57.82,BuildingB_Floor1,TypeA
1078,2025-04-04 14:28:21,31.73,34.61,BuildingA_Floor1,TypeA
1028,2025-04-04 02:39:30,22.67,70.35,BuildingA_Floor2,TypeC
1035,2025-04-05 00:29:23,21.64,40.43,BuildingA_Floor2,TypeC
1077,2025-04-06 06:37:10,18.32,32.34,BuildingB_Floor2,TypeA
1041,2025-04-06 23:46:26,16.0,47.6,BuildingA_Floor2,TypeB
1055,2025-04-05 07:20:24,16.84,32.86,BuildingB_Floor2,TypeA
1078,2025-04-08 07:39:36,26.44,41.65,BuildingB_Floor2,TypeA
1074,2025-04-07 14:34:07,18.94,70.18,BuildingA_Floor2,TypeB
1046,2025-04-06 04:05:42,30.69,48.61,BuildingB_Floor2,TypeC
1032,2025-04-08 03:26:08,30.1,61.76,BuildingA_Floor1,TypeA
1031,2025-04-06 01:54:13,17.12,75.42,BuildingA_Floor2,TypeB
1014,2025-04-05 12:49:20,17.38,79.82,BuildingA_Floor2,TypeC
1093,2025-04-06 10:26:40,28.14,66.22,BuildingB_Floor1,TypeC
1002,2025-04-08 07:26:11,32.95,32.83,BuildingA_Floor1,TypeA
1100,2025-04-04 16:58:33,23.3,73.19,BuildingB_Floor1,TypeC
1030,2025-04-05 11:22:01,22.89,61.14,BuildingA_Floor2,TypeA
1029,2025-04-05 15:16:48,30.28,50.96,BuildingB_Floor1,TypeA
1003,2025-04-07 05:22:54,20.58,67.76,BuildingB_Floor2,TypeC
1081,2025-04-03 14:39:21,19.53,47.23,BuildingB_Floor1,TypeB
1003,2025-04-06 19:25:21,32.73,53.96,BuildingA_Floor1,TypeB
1051,2025-04-08 06:00:05,21.68,33.44,BuildingB_Floor1,TypeB
1092,2025-04-05 23:17:09,17.69,40.68,BuildingA_Floor2,TypeC
1043,2025-04-05 10:28:34,29.94,44.97,BuildingA_Floor2,TypeB
1028,2025-04-03 20:31:47,18.25,56.08,BuildingB_Floor2,TypeB
1030,2025-04-06 05:47:25,29.3,64.21,BuildingB_Floor2,TypeB
1100,2025-04-07 15:26:04,23.65,73.64,BuildingA_Floor2,TypeB
1029,2025-04-07 09:12:07,33.72,37.45,BuildingA_Floor1,TypeB
1088,2025-04-07 09:24:18,33.28,66.71,BuildingB_Floor2,TypeB
1028,2025-04-07 20:41:03,34.95,33.33,BuildingA_Floor1,TypeA
1084,2025-04-04 11:47:43,28.16,35.35,BuildingB_Floor2,TypeA
1004,2025-04-06 23:55:24,15.71,70.64,BuildingA_Floor2,TypeA
1000,2025-04-06 08:03:58,34.72,45.15,BuildingB_Floor1,TypeB
1026,2025-04-06 03:02:06,15.29,76.7,BuildingA_Floor1,TypeB
1069,2025-04-06 17:06:45,17.77,79.88,BuildingA_Floor2,TypeA
1024,2025-04-07 18:36:02,20.06,49.85,BuildingA_Floor2,TypeB
1042,2025-04-04 23:37:56,34.1,73.04,BuildingA_Floor1,TypeA
1075,2025-04-04 21:28:39,30.84,65.84,BuildingA_Floor1,TypeC
1026,2025-04-06 05:51:54,21.0,32.74,BuildingA_Floor1,TypeC
1000,2025-04-03 12:35:24,24.47,56.52,BuildingB_Floor2,TypeB
1024,2025-04-05 18:11:48,23.56,37.24,BuildingA_Floor2,TypeB
1084,2025-04-04 22:39:29,16.32,47.99,BuildingB_Floor1,TypeC
1001,2025-04-08 01:47:24,24.59,40.13,BuildingB_Floor2,TypeB
1004,2025-04-06 12:45:11,29.16,49.53,BuildingA_Floor1,TypeA
1024,2025-04-03 15:27:12,32.66,70.85,BuildingB_Floor1,TypeA
1065,2025-04-06 09:32:43,30.96,41.38,BuildingB_Floor1,TypeC
1060,2025-04-06 21:45:30,29.01,43.44,BuildingA_Floor2,TypeA
1017,2025-04-04 01:07:07,17.68,40.13,BuildingB_Floor1,TypeA
1094,2025-04-07 20:20:46,20.09,49.47,BuildingA_Floor1,TypeC
1038,2025-04-08 06:29:31,16.34,46.53,BuildingB_Floor1,TypeA
1053,2025-04-07 02:09:39,16.94,75.92,BuildingB_Floor1,TypeA
1029,2025-04-03 16:55:52,18.59,65.78,BuildingB_Floor1,TypeC
1090,2025-04-04 07:38:52,21.04,74.91,BuildingB_Floor1,TypeC
1006,2025-04-06 11:33:48,31.92,79.35,BuildingB_Floor2,TypeC
1077,2025-04-03 20:28:09,32.57,48.9,BuildingA_Floor2,TypeB
1094,2025-04-03 15:13:47,19.04,49.82,BuildingB_Floor1,TypeB
1089,2025-04-06 09:42:21,26.36,35.0,BuildingB_Floor1,TypeB
1001,2025-04-07 18:00:31,29.95,68.53,BuildingB_Floor2,TypeC
1014,2025-04-03 15:16:12,26.73,78.08,BuildingA_Floor2,TypeC
1040,2025-04-04 05:36:53,28.62,56.72,BuildingA_Floor1,TypeA
1033,2025-04-04 16:48:10,32.2,52.5,BuildingA_Floor2,TypeA
1041,2025-04-07 00:29:58,31.6,70.53,BuildingB_Floor1,TypeA
1087,2025-04-04 00:38:50,33.65,54.88,BuildingA_Floor1,TypeA
1096,2025-04-08 05:11:21,26.17,78.53,BuildingB_Floor2,TypeB
1098,2025-04-03 19:16:47,20.96,58.46,BuildingB_Floor2,TypeA
1013,2025-04-06 12:21:30,29.65,46.48,BuildingB_Floor1,TypeC
1079,2025-04-08 01:23:12,15.3,30.41,BuildingB_Floor2,TypeB
1072,2025-04-07 12:41:35,15.33,60.53,BuildingA_Floor1,TypeC
1046,2025-04-04 17:00:12,32.24,77.52,BuildingA_Floor1,TypeA
1026,2025-04-05 22:10:26,22.77,50.5,BuildingA_Floor1,TypeB
1065,2025-04-05 18:20:49,18.85,60.38,BuildingB_Floor2,TypeC
1070,2025-04-08 05:31:26,18.34,46.12,BuildingA_Floor2,TypeB
1013,2025-04-05 11:26:40,28.97,38.93,BuildingA_Floor1,TypeC
1039,2025-04-04 18:28:39,22.08,73.87,BuildingB_Floor1,TypeA
1047,2025-04-07 22:31:53,15.74,44.91,BuildingB_Floor2,TypeB
1053,2025-04-07 14:51:10,33.32,43.68,BuildingB_Floor1,TypeC
1095,2025-04-06 05:29:24,17.74,75.36,BuildingA_Floor2,TypeA
1071,2025-04-06 07:09:31,31.03,49.18,BuildingA_Floor2,TypeA
1009,2025-04-04 05:43:37,19.83,68.65,BuildingB_Floor2,TypeB
1074,2025-04-06 23:02:02,26.27,75.01,BuildingA_Floor1,TypeC
1028,2025-04-07 21:12:09,32.56,58.58,BuildingA_Floor1,TypeA
1080,2025-04-07 09:08:07,34.8,48.1,BuildingB_Floor2,TypeA
1037,2025-04-07 09:27:22,29.23,30.65,BuildingA_Floor1,TypeC
1083,2025-04-06 01:07:13,31.93,52.66,BuildingA_Floor1,TypeC
1085,2025-04-05 09:34:48,15.6,78.82,BuildingB_Floor2,TypeB
1081,2025-04-05 10:51:17,17.14,79.08,BuildingB_Floor1,TypeB
1094,2025-04-03 19:50:57,30.56,30.41,BuildingA_Floor1,TypeB
1002,2025-04-06 23:51:13,29.53,59.67,BuildingA_Floor1,TypeC
1044,2025-04-05 01:13:50,33.92,42.19,BuildingA_Floor1,TypeC
1051,2025-04-05 18:34:22,22.44,57.72,BuildingA_Floor1,TypeC
1037,2025-04-03 21:24:23,20.93,69.55,BuildingA_Floor2,TypeB
1046,2025-04-07 20:44:14,22.88,63.33,BuildingA_Floor2,TypeA
1020,2025-04-05 02:52:10,31.75,76.93,BuildingB_Floor1,TypeC
1007,2025-04-05 21:08:04,25.01,46.12,BuildingA_Floor2,TypeC
1040,2025-04-06 00:23:54,15.02,73.66,BuildingA_Floor2,TypeC
1000,2025-04-04 18:54:44,30.1,59.24,BuildingB_Floor1,TypeA
1090,2025-04-07 14:06:54,34.25,67.91,BuildingA_Floor1,TypeB
1100,2025-04-05 19:50:39,17.33,61.54,BuildingA_Floor2,TypeA
1085,2025-04-05 20:06:39,30.12,35.07,BuildingA_Floor1,TypeC
1027,2025-04-03 23:18:31,24.09,79.06,BuildingA_Floor2,TypeB
1061,2025-04-06 07:42:01,17.51,31.21,BuildingA_Floor2,TypeB
1067,2025-04-08 03:23:55,15.51,56.3,BuildingA_Floor1,TypeC
1095,2025-04-06 23:38:21,29.51,50.56,BuildingB_Floor1,TypeB
1051,2025-04-05 09:30:24,29.74,52.22,BuildingB_Floor1,TypeC
1095,2025-04-05 19:32:44,25.81,38.3,BuildingA_Floor1,TypeC
1014,2025-04-03 21:54:26,18.95,55.02,BuildingA_Floor1,TypeB
1094,2025-04-04 17:51:51,34.75,31.35,BuildingB_Floor2,TypeB
1082,2025-04-05 02:14:57,27.9,39.65,BuildingA_Floor2,TypeB
1093,2025-04-06 01:39:59,30.42,71.69,BuildingA_Floor2,TypeA
1014,2025-04-03 13:21:26,22.5,74.57,BuildingA_Floor1,TypeC
1014,2025-04-05 13:48:27,17.74,39.63,BuildingA_Floor2,TypeA
1094,2025-04-07 00:16:26,21.73,68.68,BuildingA_Floor1,TypeB
1020,2025-04-05 22:33:51,31.48,76.67,BuildingA_Floor2,TypeA
1067,2025-04-05 19:11:55,22.89,72.9,BuildingB_Floor1,TypeB
1040,2025-04-03 16:10:37,34.16,66.54,BuildingB_Floor2,TypeC
1066,2025-04-07 18:31:26,32.61,48.68,BuildingA_Floor2,TypeB
1058,2025-04-05 04:57:24,23.89,36.22,BuildingA_Floor2,TypeC
1081,2025-04-07 07:55:37,32.82,41.16,BuildingA_Floor1,TypeC
1010,2025-04-07 08:04:25,32.45,70.47,BuildingB_Floor2,TypeB
1057,2025-04-05 01:30:17,30.7,72.9,BuildingA_Floor2,TypeA
1064,2025-04-07 18:27:41,29.26,57.06,BuildingA_Floor1,TypeB
1073,2025-04-05 09:23:57,25.5,31.6,BuildingB_Floor1,TypeC
1092,2025-04-04 22:32:10,30.68,77.62,BuildingA_Floor2,TypeC
1023,2025-04-03 19:02:33,22.85,33.6,BuildingA_Floor1,TypeA
1078,2025-04-06 02:10:33,33.36,58.68,BuildingA_Floor2,TypeB
1073,2025-04-06 08:05:51,18.27,49.46,BuildingA_Floor2,TypeB
1014,2025-04-03 21:19:30,34.31,37.39,BuildingB_Floor1,TypeC
1093,2025-04-04 08:04:58,33.41,60.45,BuildingB_Floor1,TypeB
1016,2025-04-06 15:15:13,20.56,37.5,BuildingB_Floor1,TypeA
1005,2025-04-06 14:06:44,29.05,46.16,BuildingB_Floor2,TypeB
1016,2025-04-04 16:14:27,23.44,32.4,BuildingB_Floor2,TypeB
1096,2025-04-05 14:58:12,17.31,61.3,BuildingB_Floor2,TypeA
1026,2025-04-07 18:59:39,20.77,42.96,BuildingB_Floor1,TypeB
1095,2025-04-08 01:49:11,33.82,71.57,BuildingA_Floor2,TypeB
1058,2025-04-04 21:32:56,17.8,63.28,BuildingA_Floor2,TypeA
1012,2025-04-06 22:37:40,20.2,57.41,BuildingB_Floor2,TypeA
1018,2025-04-04 06:12:40,30.0,71.98,BuildingB_Floor1,TypeC
1098,2025-04-04 20:26:12,24.23,55.29,BuildingA_Floor2,TypeA
1046,2025-04-07 15:01:06,29.88,49.65,BuildingA_Floor2,TypeB
1089,2025-04-06 11:22:44,20.22,51.06,BuildingA_Floor1,TypeB
1023,2025-04-05 10:43:54,15.96,78.72,BuildingB_Floor2,TypeC
1064,2025-04-05 14:53:28,22.66,78.83,BuildingA_Floor1,TypeC
1051,2025-04-07 22:15:37,19.77,65.45,BuildingA_Floor1,TypeB
1094,2025-04-03 22:31:16,16.8,58.92,BuildingB_Floor1,TypeC
1032,2025-04-07 13:43:27,29.81,47.91,BuildingA_Floor1,TypeB
1062,2025-04-06 00:08:04,33.06,77.01,BuildingA_Floor1,TypeA
1055,2025-04-04 13:42:03,15.37,63.13,BuildingA_Floor1,TypeB
1078,2025-04-05 21:52:22,23.9,57.06,BuildingA_Floor2,TypeA
1029,2025-04-06 17:28:59,24.13,45.09,BuildingA_Floor1,TypeB
1044,2025-04-07 11:45:54,15.32,68.39,BuildingA_Floor1,TypeA
1075,2025-04-04 06:58:53,26.21,35.52,BuildingB_Floor2,TypeC
1017,2025-04-05 14:57:46,19.75,78.55,BuildingA_Floor2,TypeC
1087,2025-04-04 14:42:32,19.0,41.4,BuildingB_Floor1,TypeB
1004,2025-04-07 22:41:25,33.01,37.23,BuildingB_Floor1,TypeC
1100,2025-04-04 13:09:11,22.88,58.16,BuildingB_Floor1,TypeC
1074,2025-04-04 07:43:00,30.97,45.52,BuildingB_Floor2,TypeB
1076,2025-04-06 06:20:36,25.44,54.81,BuildingA_Floor1,TypeB
1052,2025-04-08 09:02:38,26.38,72.3,BuildingA_Floor1,TypeC
1070,2025-04-08 06:09:42,25.64,73.07,BuildingA_Floor1,TypeA
1066,2025-04-03 18:49:42,30.95,55.1,BuildingA_Floor2,TypeA
1008,2025-04-05 03:00:57,24.12,74.43,BuildingA_Floor2,TypeB
1074,2025-04-03 18:21:55,25.86,64.04,BuildingA_Floor2,TypeA
1077,2025-04-04 04:47:59,20.57,34.54,BuildingA_Floor2,TypeB
1018,2025-04-03 20:20:11,28.34,56.46,BuildingB_Floor1,TypeA
1088,2025-04-04 11:37:53,26.89,39.57,BuildingB_Floor2,TypeA
1018,2025-04-06 08:45:28,22.38,69.43,BuildingB_Floor2,TypeB
1000,2025-04-05 20:12:07,23.6,66.47,BuildingB_Floor1,TypeC
1062,2025-04-05 02:31:36,22.53,65.64,BuildingA_Floor2,TypeA
1065,2025-04-07 06:21:22,17.14,61.02,BuildingA_Floor1,TypeB
1070,2025-04-05 10:25:58,32.54,63.79,BuildingB_Floor2,TypeC
1006,2025-04-05 00:10:31,23.35,37.9,BuildingB_Floor2,TypeB
1021,2025-04-04 09:21:18,24.61,64.17,BuildingB_Floor2,TypeB
1027,2025-04-07 02:15:02,31.87,54.71,BuildingA_Floor1,TypeC
1006,2025-04-08 01:05:13,25.71,46.18,BuildingB_Floor1,TypeC
1021,2025-04-05 10:21:07,17.08,69.46,BuildingA_Floor1,TypeC
1023,2025-04-04 08:34:02,23.0,37.44,BuildingB_Floor1,TypeA
1087,2025-04-04 07:33:21,18.25,57.11,BuildingB_Floor1,TypeA
1016,2025-04-08 04:03:57,15.79,38.53,BuildingB_Floor2,TypeC
1095,2025-04-06 03:16:14,25.91,67.29,BuildingA_Floor1,TypeC
1015,2025-04-04 02:28:08,25.32,40.76,BuildingB_Floor1,TypeA
1096,2025-04-07 09:25:31,33.37,59.3,BuildingA_Floor2,TypeC
1013,2025-04-07 18:17:32,17.45,70.25,BuildingB_Floor1,TypeC
1040,2025-04-07 11:18:23,17.31,59.11,BuildingA_Floor2,TypeB
1084,2025-04-04 21:00:16,16.14,53.81,BuildingA_Floor1,TypeA
1064,2025-04-07 02:15:49,28.88,62.91,BuildingA_Floor1,TypeA
1005,2025-04-03 15:21:19,17.7,58.56,BuildingB_Floor2,TypeC
1033,2025-04-08 07:02:13,27.04,63.41,BuildingA_Floor1,TypeA
1053,2025-04-07 17:32:17,19.36,54.45,BuildingA_Floor2,TypeC
1095,2025-04-05 02:27:29,19.26,37.75,BuildingA_Floor1,TypeB
1086,2025-04-04 23:11:43,30.92,72.88,BuildingA_Floor1,TypeC
1077,2025-04-03 22:23:01,32.16,60.62,BuildingB_Floor1,TypeA
1078,2025-04-05 06:19:36,17.67,52.91,BuildingB_Floor1,TypeB
1075,2025-04-07 03:55:35,20.89,78.06,BuildingB_Floor1,TypeA
1027,2025-04-04 02:59:07,28.97,61.22,BuildingA_Floor1,TypeB
1010,2025-04-05 04:23:02,25.57,50.45,BuildingB_Floor1,TypeB
1060,2025-04-04 20:53:22,21.55,64.39,BuildingA_Floor1,TypeA
1068,2025-04-05 14:37:42,24.79,56.7,BuildingB_Floor2,TypeC
1072,2025-04-04 03:39:33,21.6,63.34,BuildingB_Floor1,TypeA
1046,2025-04-06 14:21:18,17.55,38.02,BuildingA_Floor1,TypeC
1100,2025-04-06 11:44:51,24.73,32.68,BuildingB_Floor2,TypeC
1098,2025-04-06 19:32:12,34.53,46.46,BuildingA_Floor1,TypeC
1071,2025-04-06 19:48:49,28.68,50.37,BuildingA_Floor2,TypeB
1056,2025-04-04 14:15:41,28.01,50.42,BuildingA_Floor2,TypeA
1082,2025-04-05 01:13:25,15.15,78.32,BuildingB_Floor1,TypeA
1011,2025-04-07 19:54:10,31.58,66.58,BuildingB_Floor1,TypeA
1057,2025-04-05 10:21:28,24.04,44.43,BuildingA_Floor2,TypeB
1075,2025-04-06 05:36:17,24.27,50.29,BuildingA_Floor1,TypeA
1008,2025-04-05 11:28:52,17.71,63.88,BuildingA_Floor2,TypeA
1080,2025-04-07 12:56:47,20.48,52.84,BuildingA_Floor1,TypeB
1053,2025-04-07 05:15:45,24.9,56.53,BuildingA_Floor1,TypeC
1019,2025-04-06 00:36:37,30.44,66.27,BuildingB_Floor1,TypeB
1040,2025-04-06 04:30:56,25.37,75.08,BuildingA_Floor1,TypeA
1025,2025-04-07 00:02:44,23.95,67.22,BuildingB_Floor1,TypeC
1063,2025-04-04 12:18:10,15.85,66.58,BuildingB_Floor1,TypeB
1079,2025-04-04 05:28:52,18.16,66.68,BuildingA_Floor1,TypeB
1039,2025-04-08 04:38:51,32.04,62.89,BuildingB_Floor2,TypeC
1013,2025-04-03 15:13:55,34.67,49.75,BuildingB_Floor1,TypeC
1049,2025-04-05 11:42:31,31.99,59.21,BuildingB_Floor1,TypeB
1025,2025-04-05 09:53:51,34.66,40.3,BuildingB_Floor2,TypeC
1070,2025-04-04 04:55:39,20.97,43.31,BuildingA_Floor2,TypeA
1081,2025-04-05 08:55:15,15.68,52.86,BuildingA_Floor1,TypeA
1073,2025-04-06 21:26:19,28.85,48.72,BuildingB_Floor2,TypeC
1048,2025-04-04 11:45:58,33.12,46.77,BuildingA_Floor1,TypeC
1046,2025-04-07 04:51:50,21.89,43.97,BuildingB_Floor1,TypeB
1009,2025-04-04 12:48:31,15.78,35.98,BuildingA_Floor2,TypeA
1060,2025-04-04 04:07:56,22.67,59.74,BuildingA_Floor1,TypeB
1055,2025-04-07 14:27:57,26.58,45.69,BuildingB_Floor2,TypeA
1051,2025-04-07 10:49:01,22.75,34.18,BuildingA_Floor2,TypeA
1042,2025-04-07 21:11:40,17.84,79.65,BuildingB_Floor1,TypeA
1081,2025-04-08 09:38:16,16.61,69.85,BuildingA_Floor1,TypeB
1062,2025-04-08 03:05:31,28.04,78.84,BuildingA_Floor1,TypeA
1053,2025-04-08 04:00:39,33.35,39.27,BuildingA_Floor1,TypeB
1050,2025-04-04 16:53:15,32.15,76.26,BuildingB_Floor1,TypeB
1033,2025-04-08 07:51:37,28.64,59.07,BuildingB_Floor2,TypeB
1079,2025-04-06 11:00:11,27.84,37.02,BuildingA_Floor1,TypeB
1062,2025-04-05 09:22:21,23.37,40.07,BuildingA_Floor2,TypeC
1014,2025-04-07 14:08:41,22.18,40.39,BuildingA_Floor1,TypeA
1014,2025-04-05 23:11:30,22.78,54.1,BuildingA_Floor1,TypeA
1002,2025-04-04 02:35:39,16.55,42.53,BuildingB_Floor1,TypeC
1020,2025-04-05 01:21:31,33.48,76.02,BuildingA_Floor1,TypeB
1072,2025-04-04 05:57:15,17.36,50.16,BuildingB_Floor1,TypeA
1089,2025-04-06 10:31:17,21.8,43.46,BuildingA_Floor2,TypeA
1064,2025-04-07 02:24:49,31.79,72.53,BuildingB_Floor1,TypeB
1030,2025-04-07 17:15:24,19.41,53.54,BuildingB_Floor2,TypeB
1087,2025-04-07 02:27:00,27.51,36.64,BuildingB_Floor2,TypeA
1068,2025-04-08 06:49:15,18.88,43.86,BuildingB_Floor2,TypeB
1069,2025-04-06 17:02:43,26.92,67.06,BuildingB_Floor1,TypeC
1034,2025-04-08 04:32:47,30.21,37.95,BuildingB_Floor1,TypeB
1048,2025-04-05 12:37:02,18.59,78.14,BuildingA_Floor1,TypeB
1048,2025-04-08 06:01:12,34.58,78.83,BuildingB_Floor1,TypeB
1034,2025-04-07 20:54:03,32.21,44.15,BuildingA_Floor2,TypeC
1075,2025-04-05 11:01:27,23.8,75.47,BuildingA_Floor1,TypeB
1088,2025-04-06 16:39:14,19.07,36.02,BuildingB_Floor1,TypeC
1070,2025-04-05 15:04:53,16.82,71.8,BuildingA_Floor2,TypeA
1061,2025-04-06 11:16:18,21.31,68.82,BuildingA_Floor2,TypeB
1002,2025-04-05 14:35:08,22.65,37.09,BuildingB_Floor2,TypeC
1050,2025-04-06 09:06:43,24.29,63.08,BuildingA_Floor1,TypeB
1070,2025-04-04 16:49:59,28.26,50.55,BuildingA_Floor1,TypeB
1044,2025-04-05 14:44:23,27.58,40.72,BuildingB_Floor1,TypeB
1037,2025-04-08 07:58:03,15.47,57.21,BuildingA_Floor2,TypeC
1064,2025-04-05 13:05:15,32.57,63.42,BuildingA_Floor1,TypeA
1031,2025-04-05 13:26:04,25.33,75.84,BuildingA_Floor2,TypeB
1009,2025-04-04 06:55:25,33.32,53.32,BuildingB_Floor1,TypeA
1027,2025-04-05 20:31:06,25.01,76.4,BuildingB_Floor1,TypeB
1003,2025-04-07 03:00:22,27.95,38.33,BuildingB_Floor2,TypeB
1022,2025-04-06 16:19:57,23.99,30.74,BuildingB_Floor2,TypeC
1039,2025-04-07 09:04:43,28.69,35.95,BuildingA_Floor1,TypeA
1057,2025-04-05 07:23:35,32.67,62.02,BuildingA_Floor1,TypeC
1040,2025-04-06 05:45:13,26.79,59.54,BuildingB_Floor2,TypeA
1053,2025-04-05 22:18:37,32.67,62.79,BuildingA_Floor2,TypeB
1090,2025-04-06 04:44:48,31.94,43.93,BuildingA_Floor1,TypeC
1037,2025-04-05 07:47:53,22.68,63.48,BuildingB_Floor2,TypeA
1012,2025-04-04 16:19:28,24.16,33.23,BuildingB_Floor2,TypeC
1097,2025-04-07 14:11:06,21.95,56.23,BuildingB_Floor2,TypeB
1078,2025-04-04 23:15:46,28.6,66.48,BuildingA_Floor1,TypeB
1021,2025-04-05 23:40:04,24.63,37.69,BuildingA_Floor2,TypeC
1045,2025-04-03 22:09:32,19.22,51.86,BuildingA_Floor2,TypeC
1066,2025-04-03 11:32:42,26.54,63.39,BuildingA_Floor1,TypeB
1033,2025-04-06 01:20:01,25.36,31.5,BuildingA_Floor1,TypeA
1033,2025-04-05 06:58:19,32.83,70.77,BuildingB_Floor2,TypeC
1069,2025-04-08 05:24:59,16.61,49.4,BuildingB_Floor1,TypeB
1017,2025-04-08 01:13:39,25.41,64.25,BuildingB_Floor1,TypeA
1080,2025-04-04 22:38:23,33.83,71.88,BuildingB_Floor1,TypeA
1093,2025-04-03 23:55:27,26.39,34.86,BuildingB_Floor1,TypeA
1027,2025-04-06 11:07:30,20.8,72.55,BuildingA_Floor1,TypeC
1083,2025-04-06 17:25:41,29.37,58.53,BuildingB_Floor1,TypeC
1079,2025-04-07 18:18:38,28.05,42.12,BuildingA_Floor1,TypeB
1057,2025-04-03 11:26:22,23.62,58.31,BuildingA_Floor2,TypeC
1015,2025-04-05 00:27:25,17.18,36.31,BuildingB_Floor2,TypeC
1027,2025-04-08 08:31:40,15.63,45.66,BuildingB_Floor2,TypeC
1018,2025-04-07 09:21:10,33.61,46.71,BuildingA_Floor2,TypeB
1033,2025-04-04 08:56:56,24.92,33.07,BuildingA_Floor2,TypeB
1017,2025-04-04 09:04:22,22.8,68.53,BuildingA_Floor1,TypeA
1052,2025-04-04 10:17:24,16.57,74.85,BuildingA_Floor2,TypeC
1064,2025-04-04 08:33:42,15.03,33.96,BuildingB_Floor2,TypeB
1023,2025-04-06 02:52:18,15.81,75.52,BuildingB_Floor2,TypeC
1007,2025-04-08 02:43:46,25.83,72.81,BuildingA_Floor2,TypeB
1030,2025-04-04 22:20:28,34.17,79.91,BuildingB_Floor2,TypeA
1041,2025-04-04 06:29:57,28.57,71.87,BuildingB_Floor2,TypeB
1062,2025-04-07 08:15:42,27.73,72.27,BuildingB_Floor2,TypeB
1000,2025-04-03 22:10:06,29.06,36.13,BuildingA_Floor2,TypeA
1024,2025-04-08 05:31:21,16.8,69.99,BuildingA_Floor1,TypeC
1063,2025-04-07 14:06:32,28.26,46.75,BuildingA_Floor2,TypeC
1065,2025-04-04 02:44:37,31.69,60.84,BuildingB_Floor2,TypeA
1046,2025-04-04 21:42:31,31.36,61.74,BuildingB_Floor1,TypeC
1013,2025-04-06 03:43:35,27.21,51.48,BuildingA_Floor1,TypeA
1027,2025-04-07 10:59:57,28.3,70.36,BuildingA_Floor1,TypeA
1033,2025-04-04 15:52:41,22.29,71.11,BuildingA_Floor1,TypeA
1039,2025-04-08 05:04:30,32.53,54.17,BuildingB_Floor2,TypeA
1006,2025-04-08 01:59:50,21.72,64.46,BuildingA_Floor1,TypeA
1065,2025-04-07 02:39:36,33.18,62.49,BuildingB_Floor1,TypeA
1077,2025-04-06 17:42:20,32.5,49.48,BuildingB_Floor2,TypeC
1062,2025-04-03 13:16:13,22.01,48.03,BuildingB_Floor1,TypeA
1092,2025-04-04 11:19:26,19.92,67.72,BuildingA_Floor2,TypeB
1055,2025-04-07 21:42:54,31.0,43.48,BuildingB_Floor2,TypeB
1057,2025-04-08 05:00:02,15.81,43.08,BuildingB_Floor1,TypeC
1050,2025-04-05 22:31:57,29.06,73.7,BuildingB_Floor2,TypeC
1068,2025-04-05 14:10:37,17.88,71.03,BuildingB_Floor1,TypeA
1055,2025-04-05 10:02:23,28.04,38.61,BuildingA_Floor1,TypeC
1098,2025-04-03 20:51:10,19.72,39.33,BuildingB_Floor1,TypeB
1055,2025-04-04 16:04:03,16.44,38.37,BuildingA_Floor2,TypeC
1026,2025-04-07 10:41:12,25.58,67.9,BuildingA_Floor1,TypeB
1017,2025-04-04 02:07:28,33.49,30.18,BuildingB_Floor2,TypeB
1080,2025-04-05 16:45:21,32.99,43.1,BuildingA_Floor1,TypeB
1076,2025-04-04 06:56:25,34.35,61.17,BuildingB_Floor2,TypeB
1002,2025-04-06 15:21:13,17.64,73.45,BuildingB_Floor2,TypeC
1034,2025-04-05 09:04:02,30.35,77.88,BuildingA_Floor1,TypeB
1095,2025-04-07 16:21:19,25.82,59.7,BuildingB_Floor2,TypeA
1083,2025-04-03 21:55:31,15.13,33.91,BuildingB_Floor1,TypeB
1055,2025-04-08 06:47:37,24.15,64.79,BuildingB_Floor1,TypeB
1039,2025-04-07 22:25:56,15.52,69.96,BuildingB_Floor2,TypeB
1063,2025-04-05 02:23:18,27.0,51.13,BuildingB_Floor2,TypeC
1093,2025-04-07 00:09:41,30.63,52.1,BuildingB_Floor1,TypeA
1015,2025-04-05 01:28:12,32.19,61.92,BuildingB_Floor1,TypeA
1052,2025-04-06 04:30:36,22.93,78.24,BuildingA_Floor2,TypeC
1004,2025-04-05 07:41:03,17.39,63.26,BuildingB_Floor2,TypeA
1044,2025-04-04 00:01:18,21.67,46.35,BuildingA_Floor2,TypeA
1094,2025-04-03 13:28:52,33.59,58.79,BuildingA_Floor1,TypeA
1071,2025-04-05 05:52:07,16.48,52.71,BuildingB_Floor2,TypeA
1070,2025-04-06 21:01:54,24.37,64.64,BuildingB_Floor2,TypeB
1095,2025-04-07 17:54:30,31.54,70.61,BuildingB_Floor2,TypeA
1061,2025-04-03 19:17:26,27.84,60.78,BuildingB_Floor2,TypeB
1019,2025-04-03 15:42:12,17.77,50.39,BuildingB_Floor2,TypeC
1009,2025-04-05 16:00:23,20.37,40.92,BuildingB_Floor1,TypeC
1085,2025-04-04 17:36:59,19.6,64.4,BuildingA_Floor1,TypeC
1041,2025-04-08 03:57:53,17.97,66.13,BuildingA_Floor1,TypeA
1039,2025-04-08 10:25:21,31.19,33.79,BuildingB_Floor2,TypeB
1005,2025-04-06 15:03:24,21.76,58.5,BuildingB_Floor2,TypeA
1051,2025-04-07 14:34:08,25.97,70.46,BuildingB_Floor1,TypeC
1081,2025-04-08 04:58:23,15.74,30.46,BuildingA_Floor1,TypeA
1070,2025-04-06 08:02:20,34.72,47.68,BuildingB_Floor1,TypeC
1015,2025-04-08 01:53:35,18.88,50.11,BuildingB_Floor2,TypeC
1098,2025-04-05 21:45:28,26.1,34.67,BuildingB_Floor2,TypeC
1032,2025-04-04 05:20:29,25.44,48.27,BuildingA_Floor1,TypeA
1042,2025-04-07 19:58:50,17.92,37.51,BuildingB_Floor1,TypeB
1038,2025-04-06 12:41:19,29.9,35.11,BuildingB_Floor2,TypeC
1071,2025-04-03 22:52:18,30.04,73.9,BuildingA_Floor2,TypeC
1036,2025-04-03 19:04:22,23.37,38.08,BuildingB_Floor1,TypeA
1020,2025-04-06 13:05:38,23.9,63.87,BuildingB_Floor1,TypeA
1057,2025-04-06 18:03:58,26.69,72.31,BuildingA_Floor2,TypeB
1072,2025-04-05 13:13:24,22.13,41.68,BuildingA_Floor1,TypeA
1095,2025-04-03 18:49:58,16.05,57.11,BuildingA_Floor1,TypeA
1069,2025-04-06 17:57:04,24.66,33.57,BuildingA_Floor2,TypeC
1087,2025-04-03 17:21:20,21.97,52.45,BuildingB_Floor2,TypeC
1095,2025-04-06 05:16:47,17.57,30.44,BuildingB_Floor2,TypeC
1066,2025-04-08 04:40:05,33.2,58.48,BuildingB_Floor2,TypeB
1086,2025-04-05 19:51:38,20.05,38.34,BuildingB_Floor1,TypeA
1024,2025-04-07 05:20:01,29.83,50.77,BuildingA_Floor1,TypeB
1018,2025-04-06 18:58:14,17.92,73.49,BuildingB_Floor1,TypeB
1099,2025-04-07 17:42:52,32.74,34.25,BuildingB_Floor2,TypeB
1067,2025-04-05 14:44:26,18.55,46.83,BuildingA_Floor2,TypeA
1041,2025-04-04 10:23:35,24.73,40.58,BuildingB_Floor2,TypeC
1089,2025-04-06 01:27:56,27.32,74.25,BuildingB_Floor1,TypeB
1032,2025-04-07 02:09:17,22.98,72.97,BuildingB_Floor2,TypeA
1008,2025-04-07 21:26:05,27.4,61.9,BuildingB_Floor1,TypeB
1073,2025-04-03 16:00:54,24.73,34.86,BuildingA_Floor2,TypeC
1054,2025-04-07 22:53:32,31.63,41.2,BuildingA_Floor2,TypeB
1072,2025-04-08 05:14:17,33.77,57.3,BuildingA_Floor1,TypeC
1035,2025-04-03 10:56:43,23.28,75.27,BuildingA_Floor2,TypeC
1005,2025-04-05 03:32:41,18.84,42.3,BuildingB_Floor1,TypeA
1060,2025-04-04 10:47:23,24.53,75.82,BuildingB_Floor2,TypeA
1061,2025-04-06 08:13:51,27.85,47.63,BuildingB_Floor2,TypeC
1061,2025-04-04 06:13:29,23.46,42.74,BuildingB_Floor1,TypeB
1092,2025-04-03 19:12:39,30.08,40.42,BuildingB_Floor2,TypeB
1070,2025-04-07 08:24:01,22.02,74.18,BuildingB_Floor1,TypeB
1024,2025-04-07 05:38:22,25.88,67.42,BuildingB_Floor1,TypeA
1096,2025-04-08 05:36:29,22.14,56.54,BuildingA_Floor1,TypeA
1056,2025-04-03 15:00:27,17.66,63.88,BuildingA_Floor2,TypeB
1094,2025-04-07 18:47:01,34.07,61.27,BuildingA_Floor1,TypeB
1044,2025-04-06 17:08:02,33.11,78.69,BuildingB_Floor2,TypeB
1039,2025-04-04 00:57:24,34.24,49.01,BuildingB_Floor2,TypeB
1009,2025-04-04 16:13:18,30.32,35.19,BuildingA_Floor1,TypeC
1044,2025-04-06 01:57:55,27.88,52.8,BuildingB_Floor2,TypeB
1033,2025-04-07 17:19:15,22.13,76.97,BuildingB_Floor1,TypeA
1014,2025-04-07 09:10:43,27.09,46.31,BuildingA_Floor1,TypeA
1011,2025-04-07 10:23:12,16.03,41.85,BuildingB_Floor2,TypeB
1005,2025-04-04 06:12:38,34.6,49.75,BuildingA_Floor2,TypeC
1000,2025-04-04 13:53:04,25.04,42.44,BuildingB_Floor2,TypeB
1048,2025-04-05 08:10:48,23.96,41.58,BuildingB_Floor1,TypeC
1040,2025-04-06 03:12:26,18.22,59.25,BuildingA_Floor2,TypeC
1056,2025-04-04 14:01:13,21.51,79.38,BuildingA_Floor1,TypeC
1009,2025-04-05 16:27:09,15.88,33.26,BuildingA_Floor1,TypeA
1090,2025-04-03 21:46:44,29.28,74.07,BuildingA_Floor1,TypeB
1097,2025-04-03 16:08:43,19.07,73.95,BuildingA_Floor2,TypeB
1072,2025-04-07 05:11:26,22.08,63.47,BuildingB_Floor2,TypeC
1010,2025-04-05 00:46:58,33.13,72.16,BuildingA_Floor2,TypeA
1023,2025-04-05 20:12:31,29.03,45.41,BuildingA_Floor1,TypeB
1026,2025-04-05 15:59:14,19.57,52.43,BuildingB_Floor1,TypeA
1005,2025-04-07 06:00:22,26.42,53.34,BuildingA_Floor1,TypeC
1061,2025-04-07 03:01:23,16.78,56.04,BuildingB_Floor2,TypeC
1068,2025-04-06 16:45:22,20.62,75.02,BuildingB_Floor1,TypeA
1060,2025-04-04 01:09:21,30.04,51.79,BuildingA_Floor1,TypeB
1003,2025-04-03 11:14:48,15.37,77.06,BuildingB_Floor1,TypeB
1052,2025-04-07 03:37:28,25.81,73.76,BuildingB_Floor2,TypeA
1100,2025-04-07 11:39:32,28.84,44.39,BuildingA_Floor1,TypeA
1012,2025-04-05 18:37:08,34.25,78.72,BuildingB_Floor1,TypeB
1025,2025-04-08 02:39:36,23.42,39.0,BuildingA_Floor1,TypeC
1068,2025-04-04 19:13:58,15.22,53.8,BuildingA_Floor1,TypeA
1091,2025-04-05 06:58:49,29.58,30.59,BuildingA_Floor1,TypeB
1034,2025-04-07 00:01:04,18.91,33.19,BuildingB_Floor2,TypeB
1036,2025-04-07 09:45:38,24.91,56.69,BuildingB_Floor1,TypeB
1099,2025-04-05 08:41:28,22.41,70.47,BuildingB_Floor2,TypeB
1093,2025-04-05 22:42:04,17.81,75.87,BuildingA_Floor2,TypeB
1013,2025-04-07 14:04:50,28.44,77.31,BuildingA_Floor1,TypeB
1096,2025-04-04 13:33:33,22.1,38.22,BuildingA_Floor1,TypeC
1070,2025-04-08 09:39:10,20.27,55.76,BuildingB_Floor2,TypeC
1008,2025-04-05 13:16:13,30.4,33.34,BuildingA_Floor2,TypeB
1006,2025-04-06 01:43:21,24.57,70.61,BuildingB_Floor1,TypeA
1031,2025-04-03 15:18:38,31.47,68.56,BuildingA_Floor1,TypeC
1049,2025-04-05 19:02:24,31.41,36.87,BuildingA_Floor1,TypeC
1085,2025-04-04 17:46:19,23.31,62.71,BuildingB_Floor1,TypeA
1073,2025-04-05 06:45:09,34.15,76.95,BuildingA_Floor2,TypeC
1029,2025-04-04 05:56:34,31.92,31.85,BuildingB_Floor1,TypeB
1001,2025-04-04 00:08:16,21.94,54.08,BuildingA_Floor1,TypeC
1019,2025-04-08 02:47:18,28.45,65.98,BuildingA_Floor2,TypeC
1009,2025-04-06 00:34:15,27.09,71.74,BuildingA_Floor2,TypeA
1023,2025-04-06 13:44:31,21.02,31.91,BuildingB_Floor1,TypeB
1008,2025-04-06 15:43:10,32.49,74.57,BuildingA_Floor1,TypeA
1081,2025-04-08 07:53:59,27.29,32.1,BuildingB_Floor2,TypeC
1012,2025-04-06 22:55:11,19.6,50.6,BuildingB_Floor1,TypeC
1018,2025-04-06 15:30:14,18.56,49.55,BuildingB_Floor2,TypeB
1071,2025-04-06 00:20:11,30.42,34.83,BuildingA_Floor1,TypeA
1005,2025-04-05 10:40:39,31.84,71.75,BuildingA_Floor2,TypeB
1096,2025-04-06 21:26:45,24.57,33.02,BuildingB_Floor2,TypeA
1016,2025-04-07 09:42:03,34.15,36.35,BuildingA_Floor1,TypeA
1069,2025-04-04 22:39:11,34.8,47.65,BuildingB_Floor1,TypeC
1044,2025-04-06 21:45:42,23.86,55.06,BuildingA_Floor2,TypeA
1060,2025-04-06 00:00:49,33.68,42.47,BuildingB_Floor2,TypeC
1058,2025-04-03 13:27:01,27.7,42.29,BuildingB_Floor1,TypeC
1093,2025-04-06 15:13:58,30.8,35.78,BuildingA_Floor1,TypeB
1087,2025-04-04 16:49:18,20.98,71.45,BuildingA_Floor1,TypeA
1009,2025-04-03 15:29:30,29.15,48.14,BuildingA_Floor2,TypeA
1097,2025-04-06 14:27:52,29.7,71.2,BuildingA_Floor1,TypeB
1085,2025-04-07 02:06:19,23.43,42.96,BuildingA_Floor1,TypeA
1095,2025-04-06 05:17:15,31.06,79.32,BuildingA_Floor1,TypeA
1079,2025-04-05 10:56:00,20.35,58.32,BuildingB_Floor2,TypeA
1062,2025-04-08 04:41:07,32.81,69.25,BuildingB_Floor2,TypeA
1011,2025-04-05 16:01:19,27.34,53.57,BuildingB_Floor1,TypeB
1099,2025-04-05 05:17:50,18.88,53.16,BuildingB_Floor1,TypeC
1048,2025-04-06 01:20:37,20.45,74.78,BuildingA_Floor1,TypeC
1072,2025-04-03 22:27:08,23.9,74.06,BuildingA_Floor2,TypeB
1039,2025-04-05 10:46:38,17.21,42.67,BuildingB_Floor1,TypeC
1090,2025-04-05 17:04:13,18.69,39.92,BuildingA_Floor1,TypeC
1048,2025-04-08 02:26:53,28.93,46.42,BuildingA_Floor1,TypeB
1038,2025-04-03 21:40:27,17.54,38.71,BuildingA_Floor1,TypeA
1062,2025-04-04 16:51:48,21.5,47.09,BuildingB_Floor2,TypeA
1099,2025-04-05 02:25:10,23.85,69.01,BuildingB_Floor1,TypeA
1050,2025-04-08 00:01:03,32.69,33.61,BuildingA_Floor1,TypeC
1055,2025-04-05 20:02:19,21.39,37.74,BuildingB_Floor2,TypeB
1067,2025-04-03 18:29:21,29.29,63.76,BuildingB_Floor1,TypeC
1030,2025-04-05 01:27:03,17.26,57.15,BuildingB_Floor1,TypeC
1040,2025-04-06 09:36:20,24.14,77.44,BuildingB_Floor1,TypeA
1051,2025-04-08 02:09:56,29.43,63.25,BuildingA_Floor2,TypeB
1050,2025-04-06 17:25:25,24.87,68.62,BuildingB_Floor2,TypeA
1093,2025-04-05 23:28:06,20.3,64.84,BuildingB_Floor2,TypeC
1025,2025-04-05 18:39:00,20.15,64.03,BuildingA_Floor2,TypeA
1027,2025-04-05 23:17:04,16.99,65.64,BuildingA_Floor1,TypeA
1020,2025-04-08 05:27:46,23.94,47.0,BuildingA_Floor2,TypeC
1046,2025-04-06 09:35:45,27.97,32.08,BuildingA_Floor1,TypeA
1035,2025-04-04 07:29:28,22.13,58.5,BuildingB_Floor2,TypeA
1037,2025-04-04 09:36:01,25.23,40.64,BuildingB_Floor2,TypeC
1070,2025-04-07 15:59:38,28.7,44.04,BuildingB_Floor1,TypeA
1098,2025-04-08 08:28:08,30.85,77.13,BuildingA_Floor1,TypeC
1047,2025-04-03 11:41:52,20.0,41.83,BuildingB_Floor2,TypeB
1091,2025-04-08 01:48:46,21.24,60.49,BuildingA_Floor1,TypeA
1033,2025-04-07 23:32:40,30.36,53.77,BuildingB_Floor2,TypeB
1000,2025-04-03 22:39:52,23.01,71.47,BuildingA_Floor1,TypeA
1045,2025-04-06 00:10:19,27.8,77.47,BuildingB_Floor1,TypeB
1080,2025-04-04 10:34:55,21.26,54.64,BuildingA_Floor1,TypeA
1018,2025-04-07 12:22:04,18.83,72.62,BuildingB_Floor2,TypeA
1079,2025-04-05 03:09:05,31.71,54.73,BuildingB_Floor2,TypeB
1065,2025-04-05 23:13:33,32.43,54.77,BuildingA_Floor2,TypeB
1064,2025-04-06 14:31:59,21.81,65.0,BuildingB_Floor2,TypeA
1047,2025-04-05 08:40:06,18.55,59.45,BuildingA_Floor2,TypeC
1078,2025-04-05 14:08:11,32.37,36.03,BuildingB_Floor2,TypeB
1082,2025-04-07 13:12:54,23.97,36.09,BuildingB_Floor1,TypeC
1005,2025-04-03 23:30:51,24.53,69.72,BuildingB_Floor2,TypeB
1059,2025-04-05 14:43:34,34.33,39.71,BuildingA_Floor2,TypeC
1049,2025-04-06 13:33:46,32.6,69.69,BuildingA_Floor1,TypeB
1009,2025-04-05 05:38:35,28.02,40.85,BuildingB_Floor2,TypeA
1000,2025-04-04 07:00:57,27.99,42.06,BuildingB_Floor1,TypeC
1018,2025-04-08 07:48:19,28.37,73.39,BuildingB_Floor2,TypeB
1051,2025-04-04 11:12:40,29.83,73.82,BuildingA_Floor1,TypeA
1073,2025-04-08 04:19:04,22.07,55.94,BuildingB_Floor1,TypeB
1007,2025-04-08 00:01:00,23.99,38.1,BuildingB_Floor1,TypeA
1072,2025-04-08 08:50:55,15.02,78.92,BuildingA_Floor1,TypeC
1052,2025-04-07 12:41:51,20.12,50.21,BuildingA_Floor1,TypeA
1039,2025-04-04 00:26:06,24.35,36.69,BuildingA_Floor2,TypeC
1015,2025-04-07 09:06:33,24.12,56.97,BuildingB_Floor2,TypeA
1052,2025-04-06 02:00:42,34.55,68.04,BuildingB_Floor2,TypeB
1070,2025-04-05 08:16:03,15.69,37.97,BuildingB_Floor2,TypeA
1088,2025-04-07 04:27:50,29.23,37.59,BuildingB_Floor2,TypeC
1054,2025-04-08 00:53:48,15.84,51.51,BuildingA_Floor2,TypeB
1090,2025-04-06 14:10:06,31.75,34.74,BuildingA_Floor1,TypeC
1021,2025-04-05 19:39:16,24.66,62.31,BuildingB_Floor2,TypeC
1030,2025-04-08 07:06:17,28.35,79.27,BuildingB_Floor1,TypeB
1023,2025-04-03 18:03:28,17.15,51.99,BuildingA_Floor2,TypeA
1063,2025-04-05 01:48:20,28.65,60.62,BuildingA_Floor1,TypeC
1077,2025-04-05 23:44:34,30.39,63.02,BuildingA_Floor2,TypeB
1045,2025-04-06 19:39:13,30.32,37.63,BuildingA_Floor1,TypeA
1089,2025-04-05 22:43:31,29.05,54.64,BuildingB_Floor1,TypeB
1021,2025-04-07 12:48:45,27.56,53.09,BuildingA_Floor1,TypeA
1057,2025-04-05 16:00:02,31.56,44.04,BuildingA_Floor1,TypeB
1000,2025-04-06 03:13:11,20.76,37.79,BuildingB_Floor1,TypeB
1097,2025-04-04 11:35:15,16.64,36.45,BuildingB_Floor2,TypeA
1092,2025-04-04 19:05:01,27.04,58.3,BuildingA_Floor2,TypeA
1005,2025-04-07 02:05:09,31.99,44.45,BuildingA_Floor2,TypeC
1019,2025-04-08 04:45:17,29.16,40.24,BuildingB_Floor2,TypeA
1002,2025-04-06 21:58:57,19.34,54.11,BuildingB_Floor1,TypeC
1000,2025-04-04 13:32:13,21.83,54.84,BuildingA_Floor1,TypeA
1037,2025-04-06 08:46:32,31.63,49.83,BuildingA_Floor2,TypeC
1066,2025-04-04 17:34:12,16.2,33.2,BuildingB_Floor1,TypeB
1036,2025-04-06 09:04:30,17.8,54.85,BuildingB_Floor2,TypeC
1036,2025-04-06 23:56:55,19.06,54.49,BuildingA_Floor1,TypeC
1037,2025-04-03 18:38:17,19.24,43.08,BuildingA_Floor2,TypeA
1011,2025-04-03 15:30:17,24.66,48.54,BuildingB_Floor1,TypeB
1003,2025-04-04 00:45:10,30.92,71.56,BuildingB_Floor2,TypeA
1067,2025-04-07 15:06:59,18.12,53.92,BuildingA_Floor1,TypeB
1004,2025-04-03 21:16:04,34.7,31.21,BuildingB_Floor2,TypeB
1033,2025-04-04 02:27:39,22.61,74.59,BuildingB_Floor1,TypeA
1094,2025-04-08 04:25:02,16.97,79.07,BuildingA_Floor2,TypeC
1083,2025-04-06 00:11:01,31.81,65.39,BuildingA_Floor1,TypeA
1056,2025-04-06 12:40:19,28.06,48.88,BuildingB_Floor2,TypeC
1035,2025-04-07 04:34:18,34.56,34.34,BuildingB_Floor1,TypeB
1060,2025-04-05 22:45:58,26.47,46.76,BuildingB_Floor1,TypeC
1053,2025-04-06 14:41:00,18.3,69.63,BuildingB_Floor1,TypeA
1100,2025-04-03 23:50:32,32.12,45.41,BuildingA_Floor1,TypeB
1023,2025-04-06 02:50:32,30.21,37.68,BuildingA_Floor1,TypeB
1073,2025-04-06 16:12:11,29.99,36.31,BuildingB_Floor2,TypeC
1013,2025-04-08 03:00:31,20.25,62.99,BuildingB_Floor1,TypeC
1089,2025-04-05 21:09:11,20.31,33.91,BuildingB_Floor1,TypeC
1049,2025-04-05 18:44:21,18.25,54.25,BuildingA_Floor2,TypeB
1083,2025-04-03 13:22:39,33.6,52.2,BuildingB_Floor2,TypeB
1063,2025-04-04 16:11:36,29.67,57.08,BuildingA_Floor1,TypeC
1019,2025-04-04 07:20:24,31.27,47.27,BuildingA_Floor2,TypeC
1073,2025-04-07 16:02:21,16.84,44.92,BuildingB_Floor1,TypeC
1056,2025-04-07 12:05:45,18.16,73.14,BuildingB_Floor2,TypeA
1100,2025-04-04 05:49:26,29.38,62.96,BuildingB_Floor1,TypeA
1014,2025-04-04 15:12:55,28.53,42.07,BuildingA_Floor2,TypeC
1002,2025-04-05 10:06:49,31.0,58.09,BuildingB_Floor1,TypeA
1060,2025-04-06 15:21:11,27.62,49.37,BuildingB_Floor1,TypeC
1067,2025-04-07 03:45:16,20.68,65.98,BuildingA_Floor2,TypeB
1086,2025-04-06 02:46:56,16.89,65.77,BuildingB_Floor2,TypeA
1016,2025-04-03 17:54:34,34.53,38.47,BuildingA_Floor2,TypeB
1063,2025-04-06 00:03:13,33.44,53.43,BuildingB_Floor1,TypeC
1075,2025-04-08 01:23:20,15.15,60.81,BuildingA_Floor1,TypeB
1099,2025-04-06 23:42:42,28.29,49.14,BuildingB_Floor2,TypeA
1033,2025-04-07 03:22:28,27.72,77.07,BuildingA_Floor2,TypeC
1016,2025-04-08 10:09:14,28.49,58.95,BuildingB_Floor1,TypeC
1029,2025-04-04 05:09:34,15.46,76.46,BuildingB_Floor2,TypeC
1084,2025-04-06 21:25:12,20.14,31.86,BuildingA_Floor2,TypeB
1020,2025-04-03 14:06:09,22.56,62.48,BuildingA_Floor1,TypeB
1061,2025-04-07 07:00:18,23.39,44.32,BuildingA_Floor2,TypeC
1092,2025-04-07 08:47:55,32.56,34.91,BuildingA_Floor1,TypeC
1012,2025-04-04 23:30:35,16.42,46.18,BuildingB_Floor2,TypeA
1032,2025-04-03 17:55:47,26.93,71.74,BuildingA_Floor2,TypeC
1012,2025-04-07 08:21:52,21.43,37.16,BuildingA_Floor2,TypeA
1073,2025-04-05 10:12:58,34.77,70.96,BuildingB_Floor2,TypeB
1099,2025-04-08 10:17:26,16.53,48.21,BuildingA_Floor1,TypeA
1016,2025-04-03 16:30:44,28.9,46.45,BuildingB_Floor1,TypeC
1000,2025-04-07 13:54:54,18.7,41.11,BuildingB_Floor1,TypeC
1093,2025-04-05 09:14:26,18.97,50.91,BuildingB_Floor1,TypeC
1098,2025-04-07 15:13:01,32.33,72.63,BuildingB_Floor1,TypeC
1094,2025-04-06 20:10:36,33.54,44.12,BuildingB_Floor1,TypeA
1015,2025-04-03 21:08:23,25.88,55.78,BuildingA_Floor2,TypeB
1070,2025-04-03 18:17:55,25.13,33.2,BuildingA_Floor1,TypeC
1050,2025-04-04 01:43:39,27.17,67.64,BuildingA_Floor2,TypeA
1072,2025-04-04 07:25:10,20.98,37.72,BuildingA_Floor2,TypeC
1012,2025-04-05 15:30:53,26.43,49.07,BuildingA_Floor1,TypeC
1041,2025-04-04 18:24:34,20.01,76.7,BuildingA_Floor1,TypeC
1088,2025-04-06 00:13:27,17.87,47.54,BuildingB_Floor2,TypeA
1100,2025-04-07 02:40:02,19.22,44.49,BuildingB_Floor2,TypeC
1038,2025-04-04 12:02:04,19.43,70.2,BuildingB_Floor2,TypeC
1055,2025-04-04 09:21:45,29.1,61.53,BuildingA_Floor1,TypeA
1008,2025-04-07 06:48:03,15.16,76.72,BuildingA_Floor2,TypeB
1074,2025-04-04 21:48:52,18.72,37.86,BuildingB_Floor1,TypeC
1053,2025-04-08 08:47:49,25.33,68.49,BuildingB_Floor2,TypeA
1050,2025-04-08 04:38:57,15.33,41.65,BuildingA_Floor1,TypeC
1012,2025-04-03 18:08:39,30.26,54.89,BuildingB_Floor1,TypeC
1046,2025-04-03 11:53:54,16.21,52.46,BuildingB_Floor2,TypeB
1036,2025-04-08 10:18:49,21.83,41.54,BuildingA_Floor1,TypeA
1024,2025-04-08 10:08:10,20.48,37.63,BuildingA_Floor1,TypeC
1094,2025-04-05 23:26:23,19.58,40.58,BuildingA_Floor2,TypeC
1051,2025-04-08 01:37:00,28.38,49.05,BuildingA_Floor2,TypeB
1023,2025-04-04 07:05:04,26.21,76.49,BuildingB_Floor1,TypeA
1083,2025-04-03 12:14:16,27.51,72.01,BuildingB_Floor2,TypeA
1021,2025-04-04 08:44:47,25.18,42.35,BuildingA_Floor1,TypeA
1037,2025-04-04 00:30:12,28.29,39.04,BuildingB_Floor1,TypeA
1061,2025-04-05 07:21:01,26.61,78.51,BuildingB_Floor2,TypeA
1096,2025-04-07 05:43:29,26.45,31.66,BuildingB_Floor1,TypeC
1007,2025-04-07 16:07:19,23.64,40.11,BuildingB_Floor2,TypeC
1028,2025-04-05 21:34:51,20.53,70.66,BuildingA_Floor1,TypeB
1092,2025-04-06 23:38:04,15.98,76.8,BuildingB_Floor2,TypeB
1057,2025-04-05 21:07:03,23.27,79.13,BuildingA_Floor1,TypeC
1082,2025-04-05 01:49:31,33.32,58.6,BuildingA_Floor2,TypeB
1019,2025-04-04 12:58:34,29.72,78.65,BuildingB_Floor2,TypeA
1082,2025-04-04 12:20:23,22.81,55.06,BuildingB_Floor2,TypeB
1040,2025-04-08 00:10:10,27.99,50.95,BuildingB_Floor1,TypeC
1100,2025-04-06 01:10:06,30.11,78.8,BuildingB_Floor1,TypeB
1063,2025-04-04 02:27:31,25.81,42.62,BuildingB_Floor2,TypeB
1041,2025-04-06 13:15:40,23.83,61.45,BuildingA_Floor1,TypeB
1047,2025-04-04 09:00:20,33.67,47.99,BuildingA_Floor1,TypeB
1012,2025-04-05 00:51:09,21.94,34.31,BuildingA_Floor1,TypeB
1000,2025-04-05 00:15:45,33.67,66.32,BuildingA_Floor2,TypeA
1065,2025-04-05 08:40:41,17.22,40.29,BuildingA_Floor1,TypeB
1074,2025-04-07 01:58:22,23.4,58.61,BuildingB_Floor2,TypeA
1027,2025-04-04 04:28:56,29.66,68.53,BuildingA_Floor1,TypeC
1095,2025-04-03 14:50:04,15.95,42.89,BuildingB_Floor1,TypeB
1074,2025-04-06 08:32:33,32.72,62.77,BuildingB_Floor1,TypeA
1017,2025-04-07 08:50:31,19.04,43.55,BuildingB_Floor1,TypeB
1000,2025-04-06 19:45:31,31.85,61.78,BuildingA_Floor2,TypeB
1051,2025-04-07 14:06:10,29.9,61.58,BuildingA_Floor2,TypeB
1030,2025-04-06 21:49:58,22.12,52.87,BuildingB_Floor1,TypeC
1090,2025-04-03 13:04:25,27.0,33.84,BuildingB_Floor1,TypeB
1040,2025-04-08 08:07:39,30.55,51.06,BuildingB_Floor2,TypeC
1061,2025-04-06 17:46:09,18.01,62.37,BuildingB_Floor2,TypeB
1020,2025-04-05 10:08:41,30.46,78.48,BuildingB_Floor2,TypeB
1059,2025-04-08 08:23:25,25.0,59.37,BuildingA_Floor2,TypeA
1060,2025-04-05 03:26:34,29.11,56.07,BuildingB_Floor1,TypeC
1020,2025-04-07 13:35:26,19.47,46.43,BuildingA_Floor1,TypeC
1083,2025-04-07 15:15:14,32.16,50.62,BuildingA_Floor2,TypeA
1033,2025-04-08 06:59:35,25.63,55.62,BuildingA_Floor1,TypeA
1003,2025-04-06 22:31:13,15.24,55.96,BuildingB_Floor1,TypeA
1038,2025-04-07 06:34:24,27.24,68.13,BuildingB_Floor1,TypeB
1049,2025-04-05 06:57:02,26.74,41.04,BuildingA_Floor2,TypeC
1095,2025-04-04 02:22:00,28.44,33.61,BuildingB_Floor1,TypeC
1027,2025-04-05 10:14:09,15.29,59.24,BuildingB_Floor2,TypeB
1055,2025-04-04 22:07:11,23.63,53.87,BuildingB_Floor2,TypeA
1099,2025-04-06 12:50:29,28.3,31.55,BuildingB_Floor2,TypeB
1092,2025-04-08 07:51:23,16.77,70.68,BuildingA_Floor2,TypeC
1065,2025-04-05 22:21:24,33.47,73.05,BuildingB_Floor1,TypeB
1100,2025-04-07 23:01:38,29.33,73.68,BuildingB_Floor2,TypeC
1018,2025-04-03 16:11:00,19.51,50.24,BuildingA_Floor1,TypeA
1086,2025-04-05 13:28:08,29.65,34.7,BuildingB_Floor1,TypeC
1029,2025-04-03 22:11:48,34.5,55.65,BuildingB_Floor1,TypeC
1070,2025-04-03 14:33:57,31.82,32.56,BuildingB_Floor1,TypeC
1045,2025-04-08 01:24:02,26.2,54.66,BuildingA_Floor2,TypeB
1024,2025-04-06 00:09:05,31.16,54.38,BuildingA_Floor2,TypeB
1091,2025-04-07 13:19:45,31.95,78.68,BuildingB_Floor1,TypeC
1075,2025-04-05 17:31:48,22.64,78.46,BuildingB_Floor1,TypeA
1044,2025-04-04 08:35:11,17.17,31.07,BuildingA_Floor1,TypeC
1056,2025-04-05 03:39:58,33.33,79.82,BuildingA_Floor2,TypeB
1024,2025-04-07 15:06:55,33.77,32.55,BuildingB_Floor2,TypeA
1026,2025-04-08 05:08:54,17.29,38.12,BuildingA_Floor1,TypeC
1006,2025-04-06 12:20:13,28.93,33.96,BuildingA_Floor2,TypeA
1083,2025-04-04 19:11:29,25.08,47.89,BuildingA_Floor1,TypeB
1028,2025-04-06 20:25:10,18.71,69.84,BuildingA_Floor1,TypeC
1048,2025-04-07 05:05:55,18.99,47.24,BuildingA_Floor2,TypeC
1072,2025-04-07 00:51:12,23.59,31.12,BuildingA_Floor1,TypeB
1087,2025-04-04 01:24:51,21.94,36.26,BuildingB_Floor2,TypeA
1089,2025-04-06 16:59:21,33.6,70.22,BuildingB_Floor1,TypeB
1013,2025-04-04 11:02:08,16.73,50.58,BuildingA_Floor1,TypeA
1021,2025-04-07 22:46:09,25.91,49.66,BuildingA_Floor2,TypeA
1033,2025-04-06 05:45:34,18.82,35.37,BuildingB_Floor1,TypeC
1037,2025-04-06 07:05:18,29.64,34.83,BuildingA_Floor2,TypeB
1077,2025-04-05 19:00:07,25.01,43.47,BuildingB_Floor2,TypeA
1048,2025-04-03 22:07:50,15.97,54.07,BuildingA_Floor2,TypeA
1037,2025-04-05 01:49:34,24.71,67.88,BuildingA_Floor1,TypeA
1047,2025-04-06 16:08:19,32.58,67.84,BuildingB_Floor2,TypeB
1079,2025-04-04 06:14:49,19.2,64.17,BuildingB_Floor2,TypeB
1056,2025-04-06 07:26:45,21.44,71.43,BuildingA_Floor1,TypeA
1007,2025-04-06 03:49:37,26.53,63.12,BuildingB_Floor2,TypeA
1099,2025-04-07 04:59:50,25.83,63.71,BuildingA_Floor1,TypeB
1099,2025-04-05 16:19:39,17.28,61.86,BuildingB_Floor2,TypeB
1037,2025-04-05 13:09:03,17.82,38.55,BuildingA_Floor1,TypeA
1048,2025-04-04 13:17:06,18.05,46.28,BuildingA_Floor1,TypeC
1014,2025-04-07 18:17:55,15.14,56.78,BuildingB_Floor1,TypeC
1053,2025-04-07 03:01:40,34.83,54.6,BuildingA_Floor2,TypeA
1027,2025-04-05 07:47:40,28.52,65.59,BuildingB_Floor2,TypeB
1034,2025-04-07 03:13:56,20.51,78.34,BuildingA_Floor1,TypeA
1075,2025-04-07 09:04:22,18.16,47.2,BuildingA_Floor1,TypeB
1061,2025-04-08 05:33:19,23.86,67.14,BuildingB_Floor2,TypeB
1005,2025-04-04 22:26:30,26.81,38.04,BuildingB_Floor1,TypeA
1027,2025-04-04 19:35:54,17.47,30.38,BuildingB_Floor2,TypeA
1033,2025-04-04 04:30:21,20.54,39.64,BuildingA_Floor1,TypeA
1090,2025-04-04 02:18:32,23.51,60.82,BuildingB_Floor2,TypeB
1011,2025-04-05 22:15:03,21.45,57.32,BuildingA_Floor1,TypeC
1083,2025-04-07 15:39:06,31.4,45.23,BuildingA_Floor1,TypeC
1062,2025-04-07 22:05:37,29.03,58.24,BuildingA_Floor1,TypeC
1044,2025-04-05 08:40:58,17.91,51.06,BuildingB_Floor2,TypeC
1015,2025-04-04 23:09:35,19.8,32.61,BuildingA_Floor1,TypeA
1088,2025-04-03 17:56:57,19.35,52.47,BuildingB_Floor2,TypeC
1015,2025-04-06 14:57:37,21.56,65.05,BuildingB_Floor2,TypeB
1090,2025-04-04 09:51:33,31.45,59.22,BuildingA_Floor2,TypeB
1035,2025-04-07 19:50:04,30.99,43.78,BuildingA_Floor1,TypeC
1066,2025-04-07 23:55:38,22.39,79.03,BuildingB_Floor2,TypeA
1048,2025-04-05 23:05:04,33.38,33.21,BuildingB_Floor2,TypeA
1035,2025-04-06 20:05:11,24.7,31.05,BuildingB_Floor1,TypeC
1014,2025-04-08 03:18:33,33.67,53.92,BuildingB_Floor1,TypeC
1089,2025-04-08 03:03:33,32.24,47.07,BuildingA_Floor1,TypeC
1005,2025-04-06 19:14:51,34.88,43.06,BuildingB_Floor1,TypeC
1011,2025-04-07 01:22:26,23.42,56.96,BuildingB_Floor1,TypeA
1015,2025-04-06 06:41:34,25.52,49.02,BuildingA_Floor1,TypeA
1048,2025-04-04 01:52:44,30.66,50.02,BuildingB_Floor1,TypeA
1056,2025-04-05 08:47:17,25.13,61.89,BuildingB_Floor1,TypeA
1097,2025-04-05 01:06:50,27.37,40.44,BuildingB_Floor2,TypeA
1017,2025-04-04 01:20:02,28.7,46.62,BuildingA_Floor1,TypeC
1066,2025-04-07 16:24:43,17.85,49.67,BuildingA_Floor2,TypeB
1023,2025-04-04 20:11:53,22.0,45.75,BuildingA_Floor1,TypeC
1086,2025-04-04 22:25:51,21.46,64.11,BuildingB_Floor1,TypeA
1086,2025-04-06 16:54:48,21.2,31.8,BuildingB_Floor1,TypeA
1007,2025-04-06 01:58:15,22.06,68.63,BuildingA_Floor2,TypeA
1096,2025-04-04 08:07:48,30.68,66.45,BuildingA_Floor2,TypeA
1064,2025-04-06 06:38:06,19.31,62.61,BuildingB_Floor1,TypeB
1054,2025-04-03 16:20:49,23.98,79.46,BuildingA_Floor1,TypeB
1038,2025-04-03 19:05:24,21.07,37.82,BuildingA_Floor2,TypeA
1023,2025-04-06 19:00:29,30.43,57.14,BuildingA_Floor2,TypeC
1006,2025-04-05 08:52:05,20.88,70.05,BuildingB_Floor2,TypeB
1038,2025-04-06 11:54:56,24.45,41.4,BuildingB_Floor2,TypeA
1003,2025-04-03 16:36:56,29.82,73.15,BuildingB_Floor2,TypeC
1082,2025-04-05 00:35:37,28.66,34.78,BuildingB_Floor1,TypeB
1092,2025-04-03 15:47:58,28.06,72.4,BuildingB_Floor2,TypeC
1067,2025-04-07 12:29:24,30.84,65.75,BuildingB_Floor2,TypeC
1003,2025-04-08 00:23:59,27.85,77.55,BuildingB_Floor1,TypeA
1013,2025-04-04 23:05:15,17.87,79.42,BuildingB_Floor1,TypeA
1050,2025-04-05 20:04:25,34.57,42.97,BuildingA_Floor2,TypeA
1016,2025-04-04 12:13:48,33.2,56.39,BuildingA_Floor2,TypeA
1100,2025-04-06 22:04:25,33.72,43.85,BuildingB_Floor2,TypeB
1100,2025-04-06 14:12:05,22.29,34.99,BuildingB_Floor1,TypeB
1047,2025-04-07 03:55:11,24.46,76.0,BuildingB_Floor1,TypeC
1085,2025-04-08 05:21:30,34.98,34.7,BuildingB_Floor1,TypeC
1072,2025-04-05 23:45:53,28.7,49.85,BuildingA_Floor2,TypeC
1049,2025-04-05 09:11:17,18.99,66.69,BuildingB_Floor2,TypeC
1069,2025-04-06 22:35:03,23.5,74.81,BuildingA_Floor1,TypeA
1070,2025-04-04 09:40:15,18.98,37.54,BuildingA_Floor1,TypeA
1093,2025-04-05 07:30:20,32.25,65.23,BuildingA_Floor2,TypeB
1047,2025-04-04 05:55:57,21.79,75.35,BuildingB_Floor2,TypeB
1028,2025-04-04 21:25:40,29.84,56.82,BuildingB_Floor1,TypeB
1007,2025-04-05 00:13:05,18.78,63.65,BuildingB_Floor1,TypeB
1036,2025-04-07 09:13:16,15.75,40.67,BuildingA_Floor2,TypeA
1008,2025-04-04 19:03:24,17.37,74.38,BuildingA_Floor1,TypeC
1083,2025-04-05 18:11:57,30.63,44.01,BuildingB_Floor1,TypeB
1032,2025-04-06 01:59:27,16.64,78.92,BuildingA_Floor2,TypeA
1038,2025-04-04 22:05:12,19.19,72.76,BuildingB_Floor1,TypeA
1035,2025-04-03 12:48:21,16.77,44.68,BuildingA_Floor1,TypeC
1077,2025-04-07 07:45:50,32.06,32.01,BuildingB_Floor2,TypeC
1060,2025-04-04 17:51:40,15.48,62.4,BuildingA_Floor2,TypeB
1055,2025-04-04 04:50:47,16.92,54.04,BuildingB_Floor2,TypeC
1080,2025-04-04 03:36:13,24.64,56.18,BuildingA_Floor1,TypeA
1058,2025-04-08 06:40:20,29.82,56.37,BuildingB_Floor2,TypeA
1089,2025-04-06 00:20:30,20.2,77.82,BuildingB_Floor2,TypeC
1023,2025-04-06 13:39:22,20.22,60.12,BuildingA_Floor2,TypeC
1001,2025-04-06 06:47:42,25.08,41.96,BuildingB_Floor1,TypeA
1038,2025-04-06 18:21:20,26.66,37.91,BuildingB_Floor1,TypeA
1062,2025-04-08 08:27:50,33.23,46.9,BuildingB_Floor1,TypeB
1059,2025-04-08 03:35:40,23.77,45.25,BuildingA_Floor1,TypeA
1093,2025-04-07 11:38:48,25.03,57.76,BuildingB_Floor1,TypeC
1008,2025-04-05 16:00:40,19.1,53.84,BuildingA_Floor1,TypeC
1025,2025-04-05 03:16:40,18.47,68.76,BuildingB_Floor1,TypeA
1070,2025-04-07 09:58:39,15.18,72.44,BuildingA_Floor1,TypeB
1048,2025-04-05 18:37:34,23.28,66.65,BuildingB_Floor1,TypeB
1024,2025-04-06 11:51:56,25.81,51.27,BuildingB_Floor2,TypeC
1074,2025-04-06 19:17:03,19.8,49.22,BuildingA_Floor2,TypeB
1077,2025-04-05 05:39:25,26.46,43.88,BuildingA_Floor2,TypeC
1004,2025-04-06 05:27:03,26.85,66.77,BuildingA_Floor2,TypeA
1055,2025-04-07 02:48:34,16.8,48.1,BuildingA_Floor2,TypeB
1027,2025-04-04 08:49:56,27.9,40.94,BuildingA_Floor1,TypeB
1049,2025-04-04 20:30:53,15.89,39.51,BuildingA_Floor1,TypeC
1073,2025-04-03 18:32:36,28.95,46.74,BuildingA_Floor1,TypeC
1045,2025-04-05 19:09:08,21.62,43.37,BuildingA_Floor1,TypeC
1018,2025-04-05 18:30:22,33.3,64.4,BuildingB_Floor2,TypeB
